{
	"format_version": "1.8.0",
	"animations": {
		"chop": {
			"loop": true,
			"animation_length": 0.875,
			"bones": {
				"Right Arm": {
					"rotation": {
						"0.0": {
							"vector": [-44.97272, 1.76749, 1.76833]
						},
						"0.2083": {
							"vector": [-90, 2.5, 0]
						},
						"0.3333": {
							"vector": [-108.18276, 2.37531, -0.7799]
						},
						"0.5417": {
							"vector": [-135.02728, 1.76749, -1.76833]
						},
						"0.6667": {
							"vector": [-90, 2.5, 0]
						},
						"0.7917": {
							"vector": [-44.97272, 1.76749, 1.76833]
						}
					}
				},
				"Head": {
					"rotation": {
						"0.0": {
							"vector": [0, 0, 0]
						},
						"0.2083": {
							"vector": [0, 0, 0]
						},
						"0.5417": {
							"vector": [0, 0, 0]
						},
						"0.6667": {
							"vector": [0, 0, 0]
						},
						"0.7917": {
							"vector": [0, 0, 0]
						}
					}
				},
				"Left Arm": {
					"rotation": {
						"0.0": {
							"vector": [-9.99067, -0.43399, -2.46207]
						},
						"0.2083": {
							"vector": [-9.99067, -0.43399, -2.46207]
						},
						"0.5417": {
							"vector": [-9.99067, -0.43399, -2.46207]
						},
						"0.6667": {
							"vector": [-9.99067, -0.43399, -2.46207]
						},
						"0.7917": {
							"vector": [-9.99067, -0.43399, -2.46207]
						}
					}
				}
			}
		},
		"walk": {
			"loop": true,
			"animation_length": 1,
			"bones": {
				"Right Arm": {
					"rotation": {
						"0.0": {
							"vector": [0, 0, 0]
						},
						"0.25": {
							"vector": [17.5, 0, 0]
						},
						"0.5": {
							"vector": [0, 0, 0]
						},
						"0.75": {
							"vector": [-17.5, 0, 0]
						},
						"1.0": {
							"vector": [0, 0, 0]
						}
					}
				},
				"Left Arm": {
					"rotation": {
						"0.0": {
							"vector": [0, 0, 0]
						},
						"0.25": {
							"vector": [-17.5, 0, 0]
						},
						"0.5": {
							"vector": [0, 0, 0]
						},
						"0.75": {
							"vector": [17.5, 0, 0]
						},
						"1.0": {
							"vector": [0, 0, 0]
						}
					}
				},
				"Right Leg": {
					"rotation": {
						"0.0": {
							"vector": [0, 0, 0]
						},
						"0.25": {
							"vector": [-17.5, 0, 0]
						},
						"0.5": {
							"vector": [0, 0, 0]
						},
						"0.75": {
							"vector": [17.5, 0, 0]
						},
						"1.0": {
							"vector": [0, 0, 0]
						}
					}
				},
				"Left Leg": {
					"rotation": {
						"0.0": {
							"vector": [0, 0, 0]
						},
						"0.25": {
							"vector": [17.5, 0, 0]
						},
						"0.5": {
							"vector": [0, 0, 0]
						},
						"0.75": {
							"vector": [-17.5, 0, 0]
						},
						"1.0": {
							"vector": [0, 0, 0]
						}
					}
				}
			}
		}
	},
	"geckolib_format_version": 2
}